-- Bulk synthetic demo data for the deployed D1 (SYNTHETIC ONLY, no real PHI).
-- Loaded at deploy time via `wrangler d1 execute sancta --remote --file`, AFTER
-- migrations. INSERT OR IGNORE + fixed ids => idempotent across redeploys. Kept
-- OUT of packages/d1/migrations so the curated test fixtures (parity.test.ts)
-- stay exact.
-- Bulk synthetic demo seed (SYNTHETIC ONLY). Generated; forward-only; INSERT OR IGNORE => idempotent.
INSERT OR IGNORE INTO identity_patient (id, mrn, given_name, family_name, date_of_birth, sex, deceased) VALUES
  ('bulk-pat-001', 'SCC-001001', 'Kwame', 'Hassan', '1963-06-12', 'male', 0),
  ('bulk-pat-002', 'SCC-001002', 'Lena', 'Okoro', '1976-11-23', 'female', 0),
  ('bulk-pat-003', 'SCC-001003', 'Tunde', 'Vieira', '1989-04-07', 'male', 0),
  ('bulk-pat-004', 'SCC-001004', 'Nia', 'Costa', '2002-09-18', 'female', 0),
  ('bulk-pat-005', 'SCC-001005', 'Kofi', 'Jalloh', '1955-02-02', 'male', 0),
  ('bulk-pat-006', 'SCC-001006', 'Amara', 'Quansah', '1968-07-13', 'female', 0),
  ('bulk-pat-007', 'SCC-001007', 'Sipho', 'Xaba', '1981-12-24', 'male', 0),
  ('bulk-pat-008', 'SCC-001008', 'Zola', 'Eze', '1994-05-08', 'female', 0),
  ('bulk-pat-009', 'SCC-001009', 'Femi', 'Lawal', '2007-10-19', 'male', 0),
  ('bulk-pat-010', 'SCC-001010', 'Aisha', 'Sesay', '1960-03-03', 'female', 0),
  ('bulk-pat-011', 'SCC-001011', 'Chidi', 'Zulu', '1973-08-14', 'male', 0),
  ('bulk-pat-012', 'SCC-001012', 'Thandi', 'Gueye', '1986-01-25', 'female', 0),
  ('bulk-pat-013', 'SCC-001013', 'Musa', 'Ndlovu', '1999-06-09', 'male', 0),
  ('bulk-pat-014', 'SCC-001014', 'Efua', 'Umeh', '1952-11-20', 'female', 0),
  ('bulk-pat-015', 'SCC-001015', 'Kojo', 'Boateng', '1965-04-04', 'male', 0),
  ('bulk-pat-016', 'SCC-001016', 'Ime', 'Ibori', '1978-09-15', 'female', 0),
  ('bulk-pat-017', 'SCC-001017', 'Ngozi', 'Puri', '1991-02-26', 'male', 0),
  ('bulk-pat-018', 'SCC-001018', 'Bem', 'Wanjiru', '2004-07-10', 'female', 0),
  ('bulk-pat-019', 'SCC-001019', 'Ruth', 'Diallo', '1957-12-21', 'male', 0),
  ('bulk-pat-020', 'SCC-001020', 'Samuel', 'Kamara', '1970-05-05', 'female', 0),
  ('bulk-pat-021', 'SCC-001021', 'Grace', 'Roy', '1983-10-16', 'male', 0),
  ('bulk-pat-022', 'SCC-001022', 'Ibrahim', 'Yeboah', '1996-03-27', 'female', 0),
  ('bulk-pat-023', 'SCC-001023', 'Halima', 'Frimpong', '2009-08-11', 'male', 0),
  ('bulk-pat-024', 'SCC-001024', 'Peter', 'Mensah', '1962-01-22', 'female', 0),
  ('bulk-pat-025', 'SCC-001025', 'Esther', 'Traore', '1975-06-06', 'male', 0),
  ('bulk-pat-026', 'SCC-001026', 'Daniel', 'Achebe', '1988-11-17', 'female', 0),
  ('bulk-pat-027', 'SCC-001027', 'Fatima', 'Hassan', '2001-04-01', 'male', 0),
  ('bulk-pat-028', 'SCC-001028', 'John', 'Okoro', '1954-09-12', 'female', 0),
  ('bulk-pat-029', 'SCC-001029', 'Mary', 'Vieira', '1967-02-23', 'male', 0),
  ('bulk-pat-030', 'SCC-001030', 'Ada', 'Costa', '1980-07-07', 'female', 0),
  ('bulk-pat-031', 'SCC-001031', 'Kwame', 'Jalloh', '1993-12-18', 'male', 0),
  ('bulk-pat-032', 'SCC-001032', 'Lena', 'Quansah', '2006-05-02', 'female', 0),
  ('bulk-pat-033', 'SCC-001033', 'Tunde', 'Xaba', '1959-10-13', 'male', 0),
  ('bulk-pat-034', 'SCC-001034', 'Nia', 'Eze', '1972-03-24', 'female', 0),
  ('bulk-pat-035', 'SCC-001035', 'Kofi', 'Lawal', '1985-08-08', 'male', 0),
  ('bulk-pat-036', 'SCC-001036', 'Amara', 'Sesay', '1998-01-19', 'female', 0),
  ('bulk-pat-037', 'SCC-001037', 'Sipho', 'Zulu', '1951-06-03', 'male', 0),
  ('bulk-pat-038', 'SCC-001038', 'Zola', 'Gueye', '1964-11-14', 'female', 0),
  ('bulk-pat-039', 'SCC-001039', 'Femi', 'Ndlovu', '1977-04-25', 'male', 0),
  ('bulk-pat-040', 'SCC-001040', 'Aisha', 'Umeh', '1990-09-09', 'female', 0),
  ('bulk-pat-041', 'SCC-001041', 'Chidi', 'Boateng', '2003-02-20', 'male', 0),
  ('bulk-pat-042', 'SCC-001042', 'Thandi', 'Ibori', '1956-07-04', 'female', 0),
  ('bulk-pat-043', 'SCC-001043', 'Musa', 'Puri', '1969-12-15', 'male', 0),
  ('bulk-pat-044', 'SCC-001044', 'Efua', 'Wanjiru', '1982-05-26', 'female', 0),
  ('bulk-pat-045', 'SCC-001045', 'Kojo', 'Diallo', '1995-10-10', 'male', 0),
  ('bulk-pat-046', 'SCC-001046', 'Ime', 'Kamara', '2008-03-21', 'female', 0),
  ('bulk-pat-047', 'SCC-001047', 'Ngozi', 'Roy', '1961-08-05', 'male', 0),
  ('bulk-pat-048', 'SCC-001048', 'Bem', 'Yeboah', '1974-01-16', 'female', 0),
  ('bulk-pat-049', 'SCC-001049', 'Ruth', 'Frimpong', '1987-06-27', 'male', 0),
  ('bulk-pat-050', 'SCC-001050', 'Samuel', 'Mensah', '2000-11-11', 'female', 1),
  ('bulk-pat-051', 'SCC-001051', 'Grace', 'Traore', '1953-04-22', 'male', 0),
  ('bulk-pat-052', 'SCC-001052', 'Ibrahim', 'Achebe', '1966-09-06', 'female', 0),
  ('bulk-pat-053', 'SCC-001053', 'Halima', 'Hassan', '1979-02-17', 'male', 0),
  ('bulk-pat-054', 'SCC-001054', 'Peter', 'Okoro', '1992-07-01', 'female', 0),
  ('bulk-pat-055', 'SCC-001055', 'Esther', 'Vieira', '2005-12-12', 'male', 0),
  ('bulk-pat-056', 'SCC-001056', 'Daniel', 'Costa', '1958-05-23', 'female', 0),
  ('bulk-pat-057', 'SCC-001057', 'Fatima', 'Jalloh', '1971-10-07', 'male', 0),
  ('bulk-pat-058', 'SCC-001058', 'John', 'Quansah', '1984-03-18', 'female', 0),
  ('bulk-pat-059', 'SCC-001059', 'Mary', 'Xaba', '1997-08-02', 'male', 0),
  ('bulk-pat-060', 'SCC-001060', 'Ada', 'Eze', '1950-01-13', 'female', 0),
  ('bulk-pat-061', 'SCC-001061', 'Kwame', 'Lawal', '1963-06-24', 'male', 0),
  ('bulk-pat-062', 'SCC-001062', 'Lena', 'Sesay', '1976-11-08', 'female', 0),
  ('bulk-pat-063', 'SCC-001063', 'Tunde', 'Zulu', '1989-04-19', 'male', 0),
  ('bulk-pat-064', 'SCC-001064', 'Nia', 'Gueye', '2002-09-03', 'female', 0),
  ('bulk-pat-065', 'SCC-001065', 'Kofi', 'Ndlovu', '1955-02-14', 'male', 0),
  ('bulk-pat-066', 'SCC-001066', 'Amara', 'Umeh', '1968-07-25', 'female', 0),
  ('bulk-pat-067', 'SCC-001067', 'Sipho', 'Boateng', '1981-12-09', 'male', 0),
  ('bulk-pat-068', 'SCC-001068', 'Zola', 'Ibori', '1994-05-20', 'female', 0),
  ('bulk-pat-069', 'SCC-001069', 'Femi', 'Puri', '2007-10-04', 'male', 0),
  ('bulk-pat-070', 'SCC-001070', 'Aisha', 'Wanjiru', '1960-03-15', 'female', 0),
  ('bulk-pat-071', 'SCC-001071', 'Chidi', 'Diallo', '1973-08-26', 'male', 0),
  ('bulk-pat-072', 'SCC-001072', 'Thandi', 'Kamara', '1986-01-10', 'female', 0),
  ('bulk-pat-073', 'SCC-001073', 'Musa', 'Roy', '1999-06-21', 'male', 0),
  ('bulk-pat-074', 'SCC-001074', 'Efua', 'Yeboah', '1952-11-05', 'female', 0),
  ('bulk-pat-075', 'SCC-001075', 'Kojo', 'Frimpong', '1965-04-16', 'male', 0),
  ('bulk-pat-076', 'SCC-001076', 'Ime', 'Mensah', '1978-09-27', 'female', 0),
  ('bulk-pat-077', 'SCC-001077', 'Ngozi', 'Traore', '1991-02-11', 'male', 0),
  ('bulk-pat-078', 'SCC-001078', 'Bem', 'Achebe', '2004-07-22', 'female', 0),
  ('bulk-pat-079', 'SCC-001079', 'Ruth', 'Hassan', '1957-12-06', 'male', 0),
  ('bulk-pat-080', 'SCC-001080', 'Samuel', 'Okoro', '1970-05-17', 'female', 0),
  ('bulk-pat-081', 'SCC-001081', 'Grace', 'Vieira', '1983-10-01', 'male', 0),
  ('bulk-pat-082', 'SCC-001082', 'Ibrahim', 'Costa', '1996-03-12', 'female', 0),
  ('bulk-pat-083', 'SCC-001083', 'Halima', 'Jalloh', '2009-08-23', 'male', 0),
  ('bulk-pat-084', 'SCC-001084', 'Peter', 'Quansah', '1962-01-07', 'female', 0),
  ('bulk-pat-085', 'SCC-001085', 'Esther', 'Xaba', '1975-06-18', 'male', 0),
  ('bulk-pat-086', 'SCC-001086', 'Daniel', 'Eze', '1988-11-02', 'female', 0),
  ('bulk-pat-087', 'SCC-001087', 'Fatima', 'Lawal', '2001-04-13', 'male', 0),
  ('bulk-pat-088', 'SCC-001088', 'John', 'Sesay', '1954-09-24', 'female', 0),
  ('bulk-pat-089', 'SCC-001089', 'Mary', 'Zulu', '1967-02-08', 'male', 0),
  ('bulk-pat-090', 'SCC-001090', 'Ada', 'Gueye', '1980-07-19', 'female', 0),
  ('bulk-pat-091', 'SCC-001091', 'Kwame', 'Ndlovu', '1993-12-03', 'male', 0),
  ('bulk-pat-092', 'SCC-001092', 'Lena', 'Umeh', '2006-05-14', 'female', 0),
  ('bulk-pat-093', 'SCC-001093', 'Tunde', 'Boateng', '1959-10-25', 'male', 0),
  ('bulk-pat-094', 'SCC-001094', 'Nia', 'Ibori', '1972-03-09', 'female', 0),
  ('bulk-pat-095', 'SCC-001095', 'Kofi', 'Puri', '1985-08-20', 'male', 0),
  ('bulk-pat-096', 'SCC-001096', 'Amara', 'Wanjiru', '1998-01-04', 'female', 0),
  ('bulk-pat-097', 'SCC-001097', 'Sipho', 'Diallo', '1951-06-15', 'male', 0),
  ('bulk-pat-098', 'SCC-001098', 'Zola', 'Kamara', '1964-11-26', 'female', 0),
  ('bulk-pat-099', 'SCC-001099', 'Femi', 'Roy', '1977-04-10', 'male', 0),
  ('bulk-pat-100', 'SCC-001100', 'Aisha', 'Yeboah', '1990-09-21', 'female', 1);
INSERT OR IGNORE INTO flow_visit (id, patient_id, visit_number, status) VALUES
  ('bulk-visit-001', 'bulk-pat-001', 'V-bulk-000001', 'open'),
  ('bulk-visit-002', 'bulk-pat-002', 'V-bulk-000002', 'open'),
  ('bulk-visit-003', 'bulk-pat-003', 'V-bulk-000003', 'open'),
  ('bulk-visit-004', 'bulk-pat-004', 'V-bulk-000004', 'open'),
  ('bulk-visit-005', 'bulk-pat-005', 'V-bulk-000005', 'open'),
  ('bulk-visit-006', 'bulk-pat-006', 'V-bulk-000006', 'open'),
  ('bulk-visit-007', 'bulk-pat-007', 'V-bulk-000007', 'open'),
  ('bulk-visit-008', 'bulk-pat-008', 'V-bulk-000008', 'open'),
  ('bulk-visit-009', 'bulk-pat-009', 'V-bulk-000009', 'open'),
  ('bulk-visit-010', 'bulk-pat-010', 'V-bulk-000010', 'open'),
  ('bulk-visit-011', 'bulk-pat-011', 'V-bulk-000011', 'open'),
  ('bulk-visit-012', 'bulk-pat-012', 'V-bulk-000012', 'open'),
  ('bulk-visit-013', 'bulk-pat-013', 'V-bulk-000013', 'open'),
  ('bulk-visit-014', 'bulk-pat-014', 'V-bulk-000014', 'open'),
  ('bulk-visit-015', 'bulk-pat-015', 'V-bulk-000015', 'open'),
  ('bulk-visit-016', 'bulk-pat-016', 'V-bulk-000016', 'open'),
  ('bulk-visit-017', 'bulk-pat-017', 'V-bulk-000017', 'open'),
  ('bulk-visit-018', 'bulk-pat-018', 'V-bulk-000018', 'open'),
  ('bulk-visit-019', 'bulk-pat-019', 'V-bulk-000019', 'open'),
  ('bulk-visit-020', 'bulk-pat-020', 'V-bulk-000020', 'open'),
  ('bulk-visit-021', 'bulk-pat-021', 'V-bulk-000021', 'open'),
  ('bulk-visit-022', 'bulk-pat-022', 'V-bulk-000022', 'open'),
  ('bulk-visit-023', 'bulk-pat-023', 'V-bulk-000023', 'open'),
  ('bulk-visit-024', 'bulk-pat-024', 'V-bulk-000024', 'open'),
  ('bulk-visit-025', 'bulk-pat-025', 'V-bulk-000025', 'open'),
  ('bulk-visit-026', 'bulk-pat-026', 'V-bulk-000026', 'open'),
  ('bulk-visit-027', 'bulk-pat-027', 'V-bulk-000027', 'completed'),
  ('bulk-visit-028', 'bulk-pat-028', 'V-bulk-000028', 'completed'),
  ('bulk-visit-029', 'bulk-pat-029', 'V-bulk-000029', 'completed'),
  ('bulk-visit-030', 'bulk-pat-030', 'V-bulk-000030', 'completed'),
  ('bulk-visit-031', 'bulk-pat-031', 'V-bulk-000031', 'completed'),
  ('bulk-visit-032', 'bulk-pat-032', 'V-bulk-000032', 'completed'),
  ('bulk-visit-033', 'bulk-pat-033', 'V-bulk-000033', 'completed'),
  ('bulk-visit-034', 'bulk-pat-034', 'V-bulk-000034', 'completed'),
  ('bulk-visit-035', 'bulk-pat-035', 'V-bulk-000035', 'completed'),
  ('bulk-visit-036', 'bulk-pat-036', 'V-bulk-000036', 'completed'),
  ('bulk-visit-037', 'bulk-pat-037', 'V-bulk-000037', 'completed'),
  ('bulk-visit-038', 'bulk-pat-038', 'V-bulk-000038', 'completed'),
  ('bulk-visit-039', 'bulk-pat-039', 'V-bulk-000039', 'completed'),
  ('bulk-visit-040', 'bulk-pat-040', 'V-bulk-000040', 'completed');
INSERT OR IGNORE INTO flow_queue_entry (id, visit_id, token, station, priority, status) VALUES
  ('bulk-queue-001', 'bulk-visit-001', 11, 'triage', 100, 'waiting'),
  ('bulk-queue-002', 'bulk-visit-002', 12, 'consult', 100, 'waiting'),
  ('bulk-queue-003', 'bulk-visit-003', 13, 'reception', 100, 'waiting'),
  ('bulk-queue-004', 'bulk-visit-004', 14, 'triage', 100, 'waiting'),
  ('bulk-queue-005', 'bulk-visit-005', 15, 'consult', 50, 'waiting'),
  ('bulk-queue-006', 'bulk-visit-006', 16, 'reception', 100, 'waiting'),
  ('bulk-queue-007', 'bulk-visit-007', 17, 'triage', 100, 'waiting'),
  ('bulk-queue-008', 'bulk-visit-008', 18, 'consult', 100, 'waiting'),
  ('bulk-queue-009', 'bulk-visit-009', 19, 'reception', 100, 'waiting'),
  ('bulk-queue-010', 'bulk-visit-010', 20, 'triage', 50, 'waiting'),
  ('bulk-queue-011', 'bulk-visit-011', 21, 'consult', 100, 'waiting'),
  ('bulk-queue-012', 'bulk-visit-012', 22, 'reception', 100, 'waiting'),
  ('bulk-queue-013', 'bulk-visit-013', 23, 'triage', 100, 'waiting'),
  ('bulk-queue-014', 'bulk-visit-014', 24, 'consult', 100, 'waiting'),
  ('bulk-queue-015', 'bulk-visit-015', 25, 'reception', 50, 'waiting'),
  ('bulk-queue-016', 'bulk-visit-016', 26, 'triage', 100, 'waiting'),
  ('bulk-queue-017', 'bulk-visit-017', 27, 'consult', 100, 'waiting'),
  ('bulk-queue-018', 'bulk-visit-018', 28, 'reception', 100, 'waiting');
INSERT OR IGNORE INTO scheduling_slot (id, provider, starts_at, ends_at, status, room, service_code) VALUES
  ('bulk-slot-001', 'Dr Osei', '2026-07-23T09:00:00Z', '2026-07-23T09:20:00Z', 'booked', 'Room 1', 'GP'),
  ('bulk-slot-002', 'Dr Osei', '2026-07-23T10:00:00Z', '2026-07-23T10:20:00Z', 'booked', 'Room 1', 'ANC'),
  ('bulk-slot-003', 'Dr Osei', '2026-07-23T11:00:00Z', '2026-07-23T11:20:00Z', 'booked', 'Room 1', 'LAB-FBC'),
  ('bulk-slot-004', 'Dr Osei', '2026-07-23T12:00:00Z', '2026-07-23T12:20:00Z', 'booked', 'Room 1', 'LAB-MAL'),
  ('bulk-slot-005', 'Dr Osei', '2026-07-23T13:00:00Z', '2026-07-23T13:20:00Z', 'booked', 'Room 1', 'IMG-XR'),
  ('bulk-slot-006', 'Dr Osei', '2026-07-23T14:00:00Z', '2026-07-23T14:20:00Z', 'booked', 'Room 1', 'DENTAL'),
  ('bulk-slot-007', 'Dr Mensah', '2026-07-23T09:00:00Z', '2026-07-23T09:20:00Z', 'booked', 'Room 2', 'ANC'),
  ('bulk-slot-008', 'Dr Mensah', '2026-07-23T10:00:00Z', '2026-07-23T10:20:00Z', 'booked', 'Room 2', 'LAB-FBC'),
  ('bulk-slot-009', 'Dr Mensah', '2026-07-23T11:00:00Z', '2026-07-23T11:20:00Z', 'booked', 'Room 2', 'LAB-MAL'),
  ('bulk-slot-010', 'Dr Mensah', '2026-07-23T12:00:00Z', '2026-07-23T12:20:00Z', 'booked', 'Room 2', 'IMG-XR'),
  ('bulk-slot-011', 'Dr Mensah', '2026-07-23T13:00:00Z', '2026-07-23T13:20:00Z', 'booked', 'Room 2', 'DENTAL'),
  ('bulk-slot-012', 'Dr Mensah', '2026-07-23T14:00:00Z', '2026-07-23T14:20:00Z', 'booked', 'Room 2', 'PHYSIO'),
  ('bulk-slot-013', 'Dr Bello', '2026-07-23T09:00:00Z', '2026-07-23T09:20:00Z', 'booked', 'Room 3', 'LAB-FBC'),
  ('bulk-slot-014', 'Dr Bello', '2026-07-23T10:00:00Z', '2026-07-23T10:20:00Z', 'booked', 'Room 3', 'LAB-MAL'),
  ('bulk-slot-015', 'Dr Bello', '2026-07-23T11:00:00Z', '2026-07-23T11:20:00Z', 'booked', 'Room 3', 'IMG-XR'),
  ('bulk-slot-016', 'Dr Bello', '2026-07-23T12:00:00Z', '2026-07-23T12:20:00Z', 'booked', 'Room 3', 'DENTAL'),
  ('bulk-slot-017', 'Dr Bello', '2026-07-23T13:00:00Z', '2026-07-23T13:20:00Z', 'booked', 'Room 3', 'PHYSIO'),
  ('bulk-slot-018', 'Dr Bello', '2026-07-23T14:00:00Z', '2026-07-23T14:20:00Z', 'booked', 'Room 3', 'OPD'),
  ('bulk-slot-019', 'Dr Osei', '2026-07-24T09:00:00Z', '2026-07-24T09:20:00Z', 'booked', 'Room 1', 'GP'),
  ('bulk-slot-020', 'Dr Osei', '2026-07-24T10:00:00Z', '2026-07-24T10:20:00Z', 'booked', 'Room 1', 'ANC'),
  ('bulk-slot-021', 'Dr Osei', '2026-07-24T11:00:00Z', '2026-07-24T11:20:00Z', 'booked', 'Room 1', 'LAB-FBC'),
  ('bulk-slot-022', 'Dr Osei', '2026-07-24T12:00:00Z', '2026-07-24T12:20:00Z', 'booked', 'Room 1', 'LAB-MAL'),
  ('bulk-slot-023', 'Dr Osei', '2026-07-24T13:00:00Z', '2026-07-24T13:20:00Z', 'booked', 'Room 1', 'IMG-XR'),
  ('bulk-slot-024', 'Dr Osei', '2026-07-24T14:00:00Z', '2026-07-24T14:20:00Z', 'booked', 'Room 1', 'DENTAL'),
  ('bulk-slot-025', 'Dr Mensah', '2026-07-24T09:00:00Z', '2026-07-24T09:20:00Z', 'booked', 'Room 2', 'ANC'),
  ('bulk-slot-026', 'Dr Mensah', '2026-07-24T10:00:00Z', '2026-07-24T10:20:00Z', 'booked', 'Room 2', 'LAB-FBC'),
  ('bulk-slot-027', 'Dr Mensah', '2026-07-24T11:00:00Z', '2026-07-24T11:20:00Z', 'booked', 'Room 2', 'LAB-MAL'),
  ('bulk-slot-028', 'Dr Mensah', '2026-07-24T12:00:00Z', '2026-07-24T12:20:00Z', 'booked', 'Room 2', 'IMG-XR'),
  ('bulk-slot-029', 'Dr Mensah', '2026-07-24T13:00:00Z', '2026-07-24T13:20:00Z', 'booked', 'Room 2', 'DENTAL'),
  ('bulk-slot-030', 'Dr Mensah', '2026-07-24T14:00:00Z', '2026-07-24T14:20:00Z', 'booked', 'Room 2', 'PHYSIO'),
  ('bulk-slot-031', 'Dr Bello', '2026-07-24T09:00:00Z', '2026-07-24T09:20:00Z', 'open', 'Room 3', 'LAB-FBC'),
  ('bulk-slot-032', 'Dr Bello', '2026-07-24T10:00:00Z', '2026-07-24T10:20:00Z', 'open', 'Room 3', 'LAB-MAL'),
  ('bulk-slot-033', 'Dr Bello', '2026-07-24T11:00:00Z', '2026-07-24T11:20:00Z', 'open', 'Room 3', 'IMG-XR'),
  ('bulk-slot-034', 'Dr Bello', '2026-07-24T12:00:00Z', '2026-07-24T12:20:00Z', 'open', 'Room 3', 'DENTAL'),
  ('bulk-slot-035', 'Dr Bello', '2026-07-24T13:00:00Z', '2026-07-24T13:20:00Z', 'open', 'Room 3', 'PHYSIO'),
  ('bulk-slot-036', 'Dr Bello', '2026-07-24T14:00:00Z', '2026-07-24T14:20:00Z', 'open', 'Room 3', 'OPD'),
  ('bulk-slot-037', 'Dr Osei', '2026-07-25T09:00:00Z', '2026-07-25T09:20:00Z', 'open', 'Room 1', 'GP'),
  ('bulk-slot-038', 'Dr Osei', '2026-07-25T10:00:00Z', '2026-07-25T10:20:00Z', 'open', 'Room 1', 'ANC'),
  ('bulk-slot-039', 'Dr Osei', '2026-07-25T11:00:00Z', '2026-07-25T11:20:00Z', 'open', 'Room 1', 'LAB-FBC'),
  ('bulk-slot-040', 'Dr Osei', '2026-07-25T12:00:00Z', '2026-07-25T12:20:00Z', 'open', 'Room 1', 'LAB-MAL'),
  ('bulk-slot-041', 'Dr Osei', '2026-07-25T13:00:00Z', '2026-07-25T13:20:00Z', 'open', 'Room 1', 'IMG-XR'),
  ('bulk-slot-042', 'Dr Osei', '2026-07-25T14:00:00Z', '2026-07-25T14:20:00Z', 'open', 'Room 1', 'DENTAL'),
  ('bulk-slot-043', 'Dr Mensah', '2026-07-25T09:00:00Z', '2026-07-25T09:20:00Z', 'open', 'Room 2', 'ANC'),
  ('bulk-slot-044', 'Dr Mensah', '2026-07-25T10:00:00Z', '2026-07-25T10:20:00Z', 'open', 'Room 2', 'LAB-FBC'),
  ('bulk-slot-045', 'Dr Mensah', '2026-07-25T11:00:00Z', '2026-07-25T11:20:00Z', 'open', 'Room 2', 'LAB-MAL'),
  ('bulk-slot-046', 'Dr Mensah', '2026-07-25T12:00:00Z', '2026-07-25T12:20:00Z', 'open', 'Room 2', 'IMG-XR'),
  ('bulk-slot-047', 'Dr Mensah', '2026-07-25T13:00:00Z', '2026-07-25T13:20:00Z', 'open', 'Room 2', 'DENTAL'),
  ('bulk-slot-048', 'Dr Mensah', '2026-07-25T14:00:00Z', '2026-07-25T14:20:00Z', 'open', 'Room 2', 'PHYSIO'),
  ('bulk-slot-049', 'Dr Bello', '2026-07-25T09:00:00Z', '2026-07-25T09:20:00Z', 'open', 'Room 3', 'LAB-FBC'),
  ('bulk-slot-050', 'Dr Bello', '2026-07-25T10:00:00Z', '2026-07-25T10:20:00Z', 'open', 'Room 3', 'LAB-MAL'),
  ('bulk-slot-051', 'Dr Bello', '2026-07-25T11:00:00Z', '2026-07-25T11:20:00Z', 'open', 'Room 3', 'IMG-XR'),
  ('bulk-slot-052', 'Dr Bello', '2026-07-25T12:00:00Z', '2026-07-25T12:20:00Z', 'open', 'Room 3', 'DENTAL'),
  ('bulk-slot-053', 'Dr Bello', '2026-07-25T13:00:00Z', '2026-07-25T13:20:00Z', 'open', 'Room 3', 'PHYSIO'),
  ('bulk-slot-054', 'Dr Bello', '2026-07-25T14:00:00Z', '2026-07-25T14:20:00Z', 'open', 'Room 3', 'OPD');
INSERT OR IGNORE INTO scheduling_appointment (id, slot_id, patient_id, service_code, status) VALUES
  ('bulk-appt-001', 'bulk-slot-001', 'bulk-pat-001', 'GP', 'booked'),
  ('bulk-appt-002', 'bulk-slot-002', 'bulk-pat-002', 'ANC', 'booked'),
  ('bulk-appt-003', 'bulk-slot-003', 'bulk-pat-003', 'LAB-FBC', 'booked'),
  ('bulk-appt-004', 'bulk-slot-004', 'bulk-pat-004', 'LAB-MAL', 'booked'),
  ('bulk-appt-005', 'bulk-slot-005', 'bulk-pat-005', 'IMG-XR', 'booked'),
  ('bulk-appt-006', 'bulk-slot-006', 'bulk-pat-006', 'DENTAL', 'booked'),
  ('bulk-appt-007', 'bulk-slot-007', 'bulk-pat-007', 'ANC', 'booked'),
  ('bulk-appt-008', 'bulk-slot-008', 'bulk-pat-008', 'LAB-FBC', 'booked'),
  ('bulk-appt-009', 'bulk-slot-009', 'bulk-pat-009', 'LAB-MAL', 'booked'),
  ('bulk-appt-010', 'bulk-slot-010', 'bulk-pat-010', 'IMG-XR', 'booked'),
  ('bulk-appt-011', 'bulk-slot-011', 'bulk-pat-011', 'DENTAL', 'booked'),
  ('bulk-appt-012', 'bulk-slot-012', 'bulk-pat-012', 'PHYSIO', 'booked'),
  ('bulk-appt-013', 'bulk-slot-013', 'bulk-pat-013', 'LAB-FBC', 'booked'),
  ('bulk-appt-014', 'bulk-slot-014', 'bulk-pat-014', 'LAB-MAL', 'booked'),
  ('bulk-appt-015', 'bulk-slot-015', 'bulk-pat-015', 'IMG-XR', 'booked'),
  ('bulk-appt-016', 'bulk-slot-016', 'bulk-pat-016', 'DENTAL', 'booked'),
  ('bulk-appt-017', 'bulk-slot-017', 'bulk-pat-017', 'PHYSIO', 'booked'),
  ('bulk-appt-018', 'bulk-slot-018', 'bulk-pat-018', 'OPD', 'booked'),
  ('bulk-appt-019', 'bulk-slot-019', 'bulk-pat-019', 'GP', 'booked'),
  ('bulk-appt-020', 'bulk-slot-020', 'bulk-pat-020', 'ANC', 'booked'),
  ('bulk-appt-021', 'bulk-slot-021', 'bulk-pat-021', 'LAB-FBC', 'booked'),
  ('bulk-appt-022', 'bulk-slot-022', 'bulk-pat-022', 'LAB-MAL', 'booked'),
  ('bulk-appt-023', 'bulk-slot-023', 'bulk-pat-023', 'IMG-XR', 'booked'),
  ('bulk-appt-024', 'bulk-slot-024', 'bulk-pat-024', 'DENTAL', 'booked'),
  ('bulk-appt-025', 'bulk-slot-025', 'bulk-pat-025', 'ANC', 'booked'),
  ('bulk-appt-026', 'bulk-slot-026', 'bulk-pat-026', 'LAB-FBC', 'booked'),
  ('bulk-appt-027', 'bulk-slot-027', 'bulk-pat-027', 'LAB-MAL', 'booked'),
  ('bulk-appt-028', 'bulk-slot-028', 'bulk-pat-028', 'IMG-XR', 'booked'),
  ('bulk-appt-029', 'bulk-slot-029', 'bulk-pat-029', 'DENTAL', 'booked'),
  ('bulk-appt-030', 'bulk-slot-030', 'bulk-pat-030', 'PHYSIO', 'booked');
INSERT OR IGNORE INTO billing_invoice (id, invoice_number, patient_id, status, currency, finalised_at, created_at) VALUES
  ('bulk-inv-001', 'INV-bulk-000001', 'bulk-pat-002', 'finalised', 'USD', '2026-07-12T12:00:00Z', '2026-07-12T12:00:00Z'),
  ('bulk-inv-002', 'INV-bulk-000002', 'bulk-pat-003', 'finalised', 'USD', '2026-07-04T12:00:00Z', '2026-07-04T12:00:00Z'),
  ('bulk-inv-003', 'INV-bulk-000003', 'bulk-pat-004', 'finalised', 'USD', '2026-06-09T12:00:00Z', '2026-06-09T12:00:00Z'),
  ('bulk-inv-004', 'INV-bulk-000004', 'bulk-pat-005', 'finalised', 'USD', '2026-05-10T12:00:00Z', '2026-05-10T12:00:00Z'),
  ('bulk-inv-005', 'INV-bulk-000005', 'bulk-pat-006', 'finalised', 'USD', '2026-03-26T12:00:00Z', '2026-03-26T12:00:00Z'),
  ('bulk-inv-006', 'INV-bulk-000006', 'bulk-pat-007', 'finalised', 'USD', '2026-07-19T12:00:00Z', '2026-07-19T12:00:00Z'),
  ('bulk-inv-007', 'INV-bulk-000007', 'bulk-pat-008', 'finalised', 'USD', '2026-07-12T12:00:00Z', '2026-07-12T12:00:00Z'),
  ('bulk-inv-008', 'INV-bulk-000008', 'bulk-pat-009', 'finalised', 'USD', '2026-07-04T12:00:00Z', '2026-07-04T12:00:00Z'),
  ('bulk-inv-009', 'INV-bulk-000009', 'bulk-pat-010', 'finalised', 'USD', '2026-06-09T12:00:00Z', '2026-06-09T12:00:00Z'),
  ('bulk-inv-010', 'INV-bulk-000010', 'bulk-pat-011', 'finalised', 'USD', '2026-05-10T12:00:00Z', '2026-05-10T12:00:00Z'),
  ('bulk-inv-011', 'INV-bulk-000011', 'bulk-pat-012', 'finalised', 'USD', '2026-03-26T12:00:00Z', '2026-03-26T12:00:00Z'),
  ('bulk-inv-012', 'INV-bulk-000012', 'bulk-pat-013', 'finalised', 'USD', '2026-07-19T12:00:00Z', '2026-07-19T12:00:00Z'),
  ('bulk-inv-013', 'INV-bulk-000013', 'bulk-pat-014', 'finalised', 'USD', '2026-07-12T12:00:00Z', '2026-07-12T12:00:00Z'),
  ('bulk-inv-014', 'INV-bulk-000014', 'bulk-pat-015', 'finalised', 'USD', '2026-07-04T12:00:00Z', '2026-07-04T12:00:00Z'),
  ('bulk-inv-015', 'INV-bulk-000015', 'bulk-pat-016', 'finalised', 'USD', '2026-06-09T12:00:00Z', '2026-06-09T12:00:00Z'),
  ('bulk-inv-016', 'INV-bulk-000016', 'bulk-pat-017', 'finalised', 'USD', '2026-05-10T12:00:00Z', '2026-05-10T12:00:00Z'),
  ('bulk-inv-017', 'INV-bulk-000017', 'bulk-pat-018', 'finalised', 'USD', '2026-03-26T12:00:00Z', '2026-03-26T12:00:00Z'),
  ('bulk-inv-018', 'INV-bulk-000018', 'bulk-pat-019', 'finalised', 'USD', '2026-07-19T12:00:00Z', '2026-07-19T12:00:00Z'),
  ('bulk-inv-019', 'INV-bulk-000019', 'bulk-pat-020', 'finalised', 'USD', '2026-07-12T12:00:00Z', '2026-07-12T12:00:00Z'),
  ('bulk-inv-020', 'INV-bulk-000020', 'bulk-pat-021', 'finalised', 'USD', '2026-07-04T12:00:00Z', '2026-07-04T12:00:00Z'),
  ('bulk-inv-021', 'INV-bulk-000021', 'bulk-pat-022', 'finalised', 'USD', '2026-06-09T12:00:00Z', '2026-06-09T12:00:00Z'),
  ('bulk-inv-022', 'INV-bulk-000022', 'bulk-pat-023', 'finalised', 'USD', '2026-05-10T12:00:00Z', '2026-05-10T12:00:00Z'),
  ('bulk-inv-023', 'INV-bulk-000023', 'bulk-pat-024', 'finalised', 'USD', '2026-03-26T12:00:00Z', '2026-03-26T12:00:00Z'),
  ('bulk-inv-024', 'INV-bulk-000024', 'bulk-pat-025', 'finalised', 'USD', '2026-07-19T12:00:00Z', '2026-07-19T12:00:00Z'),
  ('bulk-inv-025', 'INV-bulk-000025', 'bulk-pat-026', 'finalised', 'USD', '2026-07-12T12:00:00Z', '2026-07-12T12:00:00Z'),
  ('bulk-inv-026', 'INV-bulk-000026', 'bulk-pat-027', 'finalised', 'USD', '2026-07-04T12:00:00Z', '2026-07-04T12:00:00Z'),
  ('bulk-inv-027', 'INV-bulk-000027', 'bulk-pat-028', 'finalised', 'USD', '2026-06-09T12:00:00Z', '2026-06-09T12:00:00Z'),
  ('bulk-inv-028', 'INV-bulk-000028', 'bulk-pat-029', 'finalised', 'USD', '2026-05-10T12:00:00Z', '2026-05-10T12:00:00Z'),
  ('bulk-inv-029', 'INV-bulk-000029', 'bulk-pat-030', 'finalised', 'USD', '2026-03-26T12:00:00Z', '2026-03-26T12:00:00Z'),
  ('bulk-inv-030', 'INV-bulk-000030', 'bulk-pat-031', 'finalised', 'USD', '2026-07-19T12:00:00Z', '2026-07-19T12:00:00Z'),
  ('bulk-inv-031', 'INV-bulk-000031', 'bulk-pat-032', 'finalised', 'USD', '2026-07-12T12:00:00Z', '2026-07-12T12:00:00Z'),
  ('bulk-inv-032', 'INV-bulk-000032', 'bulk-pat-033', 'finalised', 'USD', '2026-07-04T12:00:00Z', '2026-07-04T12:00:00Z'),
  ('bulk-inv-033', 'INV-bulk-000033', 'bulk-pat-034', 'finalised', 'USD', '2026-06-09T12:00:00Z', '2026-06-09T12:00:00Z'),
  ('bulk-inv-034', 'INV-bulk-000034', 'bulk-pat-035', 'finalised', 'USD', '2026-05-10T12:00:00Z', '2026-05-10T12:00:00Z'),
  ('bulk-inv-035', 'INV-bulk-000035', 'bulk-pat-036', 'finalised', 'USD', '2026-03-26T12:00:00Z', '2026-03-26T12:00:00Z'),
  ('bulk-inv-036', 'INV-bulk-000036', 'bulk-pat-037', 'finalised', 'USD', '2026-07-19T12:00:00Z', '2026-07-19T12:00:00Z'),
  ('bulk-inv-037', 'INV-bulk-000037', 'bulk-pat-038', 'finalised', 'USD', '2026-07-12T12:00:00Z', '2026-07-12T12:00:00Z'),
  ('bulk-inv-038', 'INV-bulk-000038', 'bulk-pat-039', 'finalised', 'USD', '2026-07-04T12:00:00Z', '2026-07-04T12:00:00Z'),
  ('bulk-inv-039', 'INV-bulk-000039', 'bulk-pat-040', 'finalised', 'USD', '2026-06-09T12:00:00Z', '2026-06-09T12:00:00Z'),
  ('bulk-inv-040', 'INV-bulk-000040', 'bulk-pat-041', 'finalised', 'USD', '2026-05-10T12:00:00Z', '2026-05-10T12:00:00Z'),
  ('bulk-inv-041', 'INV-bulk-000041', 'bulk-pat-042', 'finalised', 'USD', '2026-03-26T12:00:00Z', '2026-03-26T12:00:00Z'),
  ('bulk-inv-042', 'INV-bulk-000042', 'bulk-pat-043', 'finalised', 'USD', '2026-07-19T12:00:00Z', '2026-07-19T12:00:00Z'),
  ('bulk-inv-043', 'INV-bulk-000043', 'bulk-pat-044', 'finalised', 'USD', '2026-07-12T12:00:00Z', '2026-07-12T12:00:00Z'),
  ('bulk-inv-044', 'INV-bulk-000044', 'bulk-pat-045', 'finalised', 'USD', '2026-07-04T12:00:00Z', '2026-07-04T12:00:00Z'),
  ('bulk-inv-045', 'INV-bulk-000045', 'bulk-pat-046', 'finalised', 'USD', '2026-06-09T12:00:00Z', '2026-06-09T12:00:00Z');
INSERT OR IGNORE INTO billing_invoice_line (id, invoice_id, service_code, rule_version, standard_minor, applied_minor, tax_minor) VALUES
  ('bulk-invl-001-0', 'bulk-inv-001', 'ANC', 1, 1537, 1537, 77),
  ('bulk-invl-001-1', 'bulk-inv-001', 'LAB-FBC', 1, 2437, 2437, 122),
  ('bulk-invl-002-0', 'bulk-inv-002', 'LAB-FBC', 1, 1574, 1574, 79),
  ('bulk-invl-003-0', 'bulk-inv-003', 'LAB-MAL', 1, 1611, 1611, 81),
  ('bulk-invl-003-1', 'bulk-inv-003', 'IMG-XR', 1, 2511, 2511, 126),
  ('bulk-invl-004-0', 'bulk-inv-004', 'IMG-XR', 1, 1648, 1648, 82),
  ('bulk-invl-005-0', 'bulk-inv-005', 'DENTAL', 1, 1685, 1685, 84),
  ('bulk-invl-005-1', 'bulk-inv-005', 'PHYSIO', 1, 2585, 2585, 129),
  ('bulk-invl-006-0', 'bulk-inv-006', 'PHYSIO', 1, 1722, 1722, 86),
  ('bulk-invl-007-0', 'bulk-inv-007', 'OPD', 1, 1759, 1759, 88),
  ('bulk-invl-007-1', 'bulk-inv-007', 'GP', 1, 2659, 2659, 133),
  ('bulk-invl-008-0', 'bulk-inv-008', 'GP', 1, 1796, 1796, 90),
  ('bulk-invl-009-0', 'bulk-inv-009', 'ANC', 1, 1833, 1833, 92),
  ('bulk-invl-009-1', 'bulk-inv-009', 'LAB-FBC', 1, 2733, 2733, 137),
  ('bulk-invl-010-0', 'bulk-inv-010', 'LAB-FBC', 1, 1870, 1870, 94),
  ('bulk-invl-011-0', 'bulk-inv-011', 'LAB-MAL', 1, 1907, 1907, 95),
  ('bulk-invl-011-1', 'bulk-inv-011', 'IMG-XR', 1, 2807, 2807, 140),
  ('bulk-invl-012-0', 'bulk-inv-012', 'IMG-XR', 1, 1944, 1944, 97),
  ('bulk-invl-013-0', 'bulk-inv-013', 'DENTAL', 1, 1981, 1981, 99),
  ('bulk-invl-013-1', 'bulk-inv-013', 'PHYSIO', 1, 2881, 2881, 144),
  ('bulk-invl-014-0', 'bulk-inv-014', 'PHYSIO', 1, 2018, 2018, 101),
  ('bulk-invl-015-0', 'bulk-inv-015', 'OPD', 1, 2055, 2055, 103),
  ('bulk-invl-015-1', 'bulk-inv-015', 'GP', 1, 2955, 2955, 148),
  ('bulk-invl-016-0', 'bulk-inv-016', 'GP', 1, 2092, 2092, 105),
  ('bulk-invl-017-0', 'bulk-inv-017', 'ANC', 1, 2129, 2129, 106),
  ('bulk-invl-017-1', 'bulk-inv-017', 'LAB-FBC', 1, 3029, 3029, 151),
  ('bulk-invl-018-0', 'bulk-inv-018', 'LAB-FBC', 1, 2166, 2166, 108),
  ('bulk-invl-019-0', 'bulk-inv-019', 'LAB-MAL', 1, 2203, 2203, 110),
  ('bulk-invl-019-1', 'bulk-inv-019', 'IMG-XR', 1, 3103, 3103, 155),
  ('bulk-invl-020-0', 'bulk-inv-020', 'IMG-XR', 1, 2240, 2240, 112),
  ('bulk-invl-021-0', 'bulk-inv-021', 'DENTAL', 1, 2277, 2277, 114),
  ('bulk-invl-021-1', 'bulk-inv-021', 'PHYSIO', 1, 3177, 3177, 159),
  ('bulk-invl-022-0', 'bulk-inv-022', 'PHYSIO', 1, 2314, 2314, 116),
  ('bulk-invl-023-0', 'bulk-inv-023', 'OPD', 1, 2351, 2351, 118),
  ('bulk-invl-023-1', 'bulk-inv-023', 'GP', 1, 3251, 3251, 163),
  ('bulk-invl-024-0', 'bulk-inv-024', 'GP', 1, 2388, 2388, 119),
  ('bulk-invl-025-0', 'bulk-inv-025', 'ANC', 1, 2425, 2425, 121),
  ('bulk-invl-025-1', 'bulk-inv-025', 'LAB-FBC', 1, 3325, 3325, 166),
  ('bulk-invl-026-0', 'bulk-inv-026', 'LAB-FBC', 1, 2462, 2462, 123),
  ('bulk-invl-027-0', 'bulk-inv-027', 'LAB-MAL', 1, 2499, 2499, 125),
  ('bulk-invl-027-1', 'bulk-inv-027', 'IMG-XR', 1, 3399, 3399, 170),
  ('bulk-invl-028-0', 'bulk-inv-028', 'IMG-XR', 1, 2536, 2536, 127),
  ('bulk-invl-029-0', 'bulk-inv-029', 'DENTAL', 1, 2573, 2573, 129),
  ('bulk-invl-029-1', 'bulk-inv-029', 'PHYSIO', 1, 3473, 3473, 174),
  ('bulk-invl-030-0', 'bulk-inv-030', 'PHYSIO', 1, 2610, 2610, 131),
  ('bulk-invl-031-0', 'bulk-inv-031', 'OPD', 1, 2647, 2647, 132),
  ('bulk-invl-031-1', 'bulk-inv-031', 'GP', 1, 3547, 3547, 177),
  ('bulk-invl-032-0', 'bulk-inv-032', 'GP', 1, 2684, 2684, 134),
  ('bulk-invl-033-0', 'bulk-inv-033', 'ANC', 1, 2721, 2721, 136),
  ('bulk-invl-033-1', 'bulk-inv-033', 'LAB-FBC', 1, 3621, 3621, 181),
  ('bulk-invl-034-0', 'bulk-inv-034', 'LAB-FBC', 1, 2758, 2758, 138),
  ('bulk-invl-035-0', 'bulk-inv-035', 'LAB-MAL', 1, 2795, 2795, 140),
  ('bulk-invl-035-1', 'bulk-inv-035', 'IMG-XR', 1, 3695, 3695, 185),
  ('bulk-invl-036-0', 'bulk-inv-036', 'IMG-XR', 1, 2832, 2832, 142),
  ('bulk-invl-037-0', 'bulk-inv-037', 'DENTAL', 1, 2869, 2869, 143),
  ('bulk-invl-037-1', 'bulk-inv-037', 'PHYSIO', 1, 3769, 3769, 188),
  ('bulk-invl-038-0', 'bulk-inv-038', 'PHYSIO', 1, 2906, 2906, 145),
  ('bulk-invl-039-0', 'bulk-inv-039', 'OPD', 1, 2943, 2943, 147),
  ('bulk-invl-039-1', 'bulk-inv-039', 'GP', 1, 3843, 3843, 192),
  ('bulk-invl-040-0', 'bulk-inv-040', 'GP', 1, 2980, 2980, 149),
  ('bulk-invl-041-0', 'bulk-inv-041', 'ANC', 1, 3017, 3017, 151),
  ('bulk-invl-041-1', 'bulk-inv-041', 'LAB-FBC', 1, 3917, 3917, 196),
  ('bulk-invl-042-0', 'bulk-inv-042', 'LAB-FBC', 1, 3054, 3054, 153),
  ('bulk-invl-043-0', 'bulk-inv-043', 'LAB-MAL', 1, 3091, 3091, 155),
  ('bulk-invl-043-1', 'bulk-inv-043', 'IMG-XR', 1, 3991, 3991, 200),
  ('bulk-invl-044-0', 'bulk-inv-044', 'IMG-XR', 1, 3128, 3128, 156),
  ('bulk-invl-045-0', 'bulk-inv-045', 'DENTAL', 1, 3165, 3165, 158),
  ('bulk-invl-045-1', 'bulk-inv-045', 'PHYSIO', 1, 4065, 4065, 203);
INSERT OR IGNORE INTO billing_payment (id, receipt_number, patient_id, method, amount_minor, status) VALUES
  ('bulk-pay-003', 'RCP-bulk-000003', 'bulk-pat-004', 'cash', 2597, 'confirmed'),
  ('bulk-pay-006', 'RCP-bulk-000006', 'bulk-pat-007', 'cash', 1085, 'confirmed'),
  ('bulk-pay-009', 'RCP-bulk-000009', 'bulk-pat-010', 'cash', 2877, 'confirmed'),
  ('bulk-pay-012', 'RCP-bulk-000012', 'bulk-pat-013', 'cash', 1225, 'confirmed'),
  ('bulk-pay-015', 'RCP-bulk-000015', 'bulk-pat-016', 'cash', 3157, 'confirmed'),
  ('bulk-pay-018', 'RCP-bulk-000018', 'bulk-pat-019', 'cash', 1364, 'confirmed'),
  ('bulk-pay-021', 'RCP-bulk-000021', 'bulk-pat-022', 'cash', 3436, 'confirmed'),
  ('bulk-pay-024', 'RCP-bulk-000024', 'bulk-pat-025', 'cash', 1504, 'confirmed'),
  ('bulk-pay-027', 'RCP-bulk-000027', 'bulk-pat-028', 'cash', 3716, 'confirmed'),
  ('bulk-pay-030', 'RCP-bulk-000030', 'bulk-pat-031', 'cash', 1645, 'confirmed'),
  ('bulk-pay-033', 'RCP-bulk-000033', 'bulk-pat-034', 'cash', 3995, 'confirmed'),
  ('bulk-pay-036', 'RCP-bulk-000036', 'bulk-pat-037', 'cash', 1784, 'confirmed'),
  ('bulk-pay-039', 'RCP-bulk-000039', 'bulk-pat-040', 'cash', 4275, 'confirmed'),
  ('bulk-pay-042', 'RCP-bulk-000042', 'bulk-pat-043', 'cash', 1924, 'confirmed'),
  ('bulk-pay-045', 'RCP-bulk-000045', 'bulk-pat-046', 'cash', 4555, 'confirmed');
INSERT OR IGNORE INTO billing_payment_allocation (id, payment_id, invoice_id, amount_minor) VALUES
  ('bulk-alloc-003', 'bulk-pay-003', 'bulk-inv-003', 2597),
  ('bulk-alloc-006', 'bulk-pay-006', 'bulk-inv-006', 1085),
  ('bulk-alloc-009', 'bulk-pay-009', 'bulk-inv-009', 2877),
  ('bulk-alloc-012', 'bulk-pay-012', 'bulk-inv-012', 1225),
  ('bulk-alloc-015', 'bulk-pay-015', 'bulk-inv-015', 3157),
  ('bulk-alloc-018', 'bulk-pay-018', 'bulk-inv-018', 1364),
  ('bulk-alloc-021', 'bulk-pay-021', 'bulk-inv-021', 3436),
  ('bulk-alloc-024', 'bulk-pay-024', 'bulk-inv-024', 1504),
  ('bulk-alloc-027', 'bulk-pay-027', 'bulk-inv-027', 3716),
  ('bulk-alloc-030', 'bulk-pay-030', 'bulk-inv-030', 1645),
  ('bulk-alloc-033', 'bulk-pay-033', 'bulk-inv-033', 3995),
  ('bulk-alloc-036', 'bulk-pay-036', 'bulk-inv-036', 1784),
  ('bulk-alloc-039', 'bulk-pay-039', 'bulk-inv-039', 4275),
  ('bulk-alloc-042', 'bulk-pay-042', 'bulk-inv-042', 1924),
  ('bulk-alloc-045', 'bulk-pay-045', 'bulk-inv-045', 4555);
INSERT OR IGNORE INTO clinical_service_request (id, patient_id, category, code, priority, status, requested_by) VALUES
  ('bulk-req-001', 'bulk-pat-001', 'laboratory', 'LAB-MAL', 'routine', 'active', 'demo-clinician'),
  ('bulk-req-002', 'bulk-pat-002', 'imaging', 'IMG-XR', 'routine', 'active', 'demo-clinician'),
  ('bulk-req-003', 'bulk-pat-003', 'laboratory', 'DENTAL', 'routine', 'active', 'demo-clinician'),
  ('bulk-req-004', 'bulk-pat-004', 'imaging', 'PHYSIO', 'routine', 'active', 'demo-clinician'),
  ('bulk-req-005', 'bulk-pat-005', 'laboratory', 'OPD', 'routine', 'active', 'demo-clinician'),
  ('bulk-req-006', 'bulk-pat-006', 'imaging', 'GP', 'routine', 'active', 'demo-clinician'),
  ('bulk-req-007', 'bulk-pat-007', 'laboratory', 'ANC', 'routine', 'active', 'demo-clinician'),
  ('bulk-req-008', 'bulk-pat-008', 'imaging', 'LAB-FBC', 'routine', 'active', 'demo-clinician'),
  ('bulk-req-009', 'bulk-pat-009', 'laboratory', 'LAB-MAL', 'routine', 'active', 'demo-clinician'),
  ('bulk-req-010', 'bulk-pat-010', 'imaging', 'IMG-XR', 'routine', 'active', 'demo-clinician'),
  ('bulk-req-011', 'bulk-pat-011', 'laboratory', 'DENTAL', 'routine', 'active', 'demo-clinician'),
  ('bulk-req-012', 'bulk-pat-012', 'imaging', 'PHYSIO', 'routine', 'active', 'demo-clinician'),
  ('bulk-req-013', 'bulk-pat-013', 'laboratory', 'OPD', 'routine', 'active', 'demo-clinician'),
  ('bulk-req-014', 'bulk-pat-014', 'imaging', 'GP', 'routine', 'active', 'demo-clinician'),
  ('bulk-req-015', 'bulk-pat-015', 'laboratory', 'ANC', 'routine', 'active', 'demo-clinician'),
  ('bulk-req-016', 'bulk-pat-016', 'imaging', 'LAB-FBC', 'routine', 'completed', 'demo-clinician'),
  ('bulk-req-017', 'bulk-pat-017', 'laboratory', 'LAB-MAL', 'routine', 'completed', 'demo-clinician'),
  ('bulk-req-018', 'bulk-pat-018', 'imaging', 'IMG-XR', 'routine', 'completed', 'demo-clinician'),
  ('bulk-req-019', 'bulk-pat-019', 'laboratory', 'DENTAL', 'routine', 'completed', 'demo-clinician'),
  ('bulk-req-020', 'bulk-pat-020', 'imaging', 'PHYSIO', 'routine', 'completed', 'demo-clinician'),
  ('bulk-req-021', 'bulk-pat-021', 'laboratory', 'OPD', 'routine', 'completed', 'demo-clinician'),
  ('bulk-req-022', 'bulk-pat-022', 'imaging', 'GP', 'routine', 'completed', 'demo-clinician'),
  ('bulk-req-023', 'bulk-pat-023', 'laboratory', 'ANC', 'routine', 'completed', 'demo-clinician'),
  ('bulk-req-024', 'bulk-pat-024', 'imaging', 'LAB-FBC', 'routine', 'completed', 'demo-clinician'),
  ('bulk-req-025', 'bulk-pat-025', 'laboratory', 'LAB-MAL', 'routine', 'completed', 'demo-clinician');
INSERT OR IGNORE INTO clinical_result (id, service_request_id, patient_id, value, unit, ref_low, ref_high, abnormal, critical, status) VALUES
  ('bulk-res-001', 'bulk-req-001', 'bulk-pat-001', 5, 'mmol/L', 3.5, 5.5, 'normal', 0, 'final'),
  ('bulk-res-002', 'bulk-req-002', 'bulk-pat-002', 6, 'mmol/L', 3.5, 5.5, 'normal', 0, 'final'),
  ('bulk-res-003', 'bulk-req-003', 'bulk-pat-003', 7, 'mmol/L', 3.5, 5.5, 'low', 0, 'final'),
  ('bulk-res-004', 'bulk-req-004', 'bulk-pat-004', 8, 'mmol/L', 3.5, 5.5, 'normal', 0, 'final'),
  ('bulk-res-005', 'bulk-req-005', 'bulk-pat-005', 22.5, 'mmol/L', 3.5, 5.5, 'high', 1, 'final'),
  ('bulk-res-006', 'bulk-req-006', 'bulk-pat-006', 10, 'mmol/L', 3.5, 5.5, 'low', 0, 'final'),
  ('bulk-res-007', 'bulk-req-007', 'bulk-pat-007', 4, 'mmol/L', 3.5, 5.5, 'normal', 0, 'final'),
  ('bulk-res-008', 'bulk-req-008', 'bulk-pat-008', 5, 'mmol/L', 3.5, 5.5, 'normal', 0, 'final'),
  ('bulk-res-009', 'bulk-req-009', 'bulk-pat-009', 6, 'mmol/L', 3.5, 5.5, 'low', 0, 'final'),
  ('bulk-res-010', 'bulk-req-010', 'bulk-pat-010', 22.5, 'mmol/L', 3.5, 5.5, 'high', 1, 'final'),
  ('bulk-res-011', 'bulk-req-011', 'bulk-pat-011', 8, 'mmol/L', 3.5, 5.5, 'normal', 0, 'final'),
  ('bulk-res-012', 'bulk-req-012', 'bulk-pat-012', 9, 'mmol/L', 3.5, 5.5, 'low', 0, 'final'),
  ('bulk-res-013', 'bulk-req-013', 'bulk-pat-013', 10, 'mmol/L', 3.5, 5.5, 'normal', 0, 'final'),
  ('bulk-res-014', 'bulk-req-014', 'bulk-pat-014', 4, 'mmol/L', 3.5, 5.5, 'normal', 0, 'final'),
  ('bulk-res-015', 'bulk-req-015', 'bulk-pat-015', 22.5, 'mmol/L', 3.5, 5.5, 'high', 1, 'final');
INSERT OR IGNORE INTO clinical_medication_request (id, patient_id, medicine_code, substance_code, dose, route, frequency, quantity, status, prescribed_by) VALUES
  ('bulk-med-001', 'bulk-pat-001', 'PARA-500', 'paracetamol', '1 g', 'oral', 'QDS', 10, 'active', 'demo-prescriber'),
  ('bulk-med-002', 'bulk-pat-002', 'METRO-400', 'metronidazole', '400 mg', 'oral', 'TDS', 11, 'active', 'demo-prescriber'),
  ('bulk-med-003', 'bulk-pat-003', 'IBU-400', 'ibuprofen', '400 mg', 'oral', 'TDS', 12, 'active', 'demo-prescriber'),
  ('bulk-med-004', 'bulk-pat-004', 'CTX-1G', 'ceftriaxone', '1 g', 'IV', 'OD', 13, 'active', 'demo-prescriber'),
  ('bulk-med-005', 'bulk-pat-005', 'AMOX-500', 'amoxicillin', '500 mg', 'oral', 'TDS', 14, 'active', 'demo-prescriber'),
  ('bulk-med-006', 'bulk-pat-006', 'PARA-500', 'paracetamol', '1 g', 'oral', 'QDS', 15, 'active', 'demo-prescriber'),
  ('bulk-med-007', 'bulk-pat-007', 'METRO-400', 'metronidazole', '400 mg', 'oral', 'TDS', 16, 'active', 'demo-prescriber'),
  ('bulk-med-008', 'bulk-pat-008', 'IBU-400', 'ibuprofen', '400 mg', 'oral', 'TDS', 17, 'active', 'demo-prescriber'),
  ('bulk-med-009', 'bulk-pat-009', 'CTX-1G', 'ceftriaxone', '1 g', 'IV', 'OD', 18, 'active', 'demo-prescriber'),
  ('bulk-med-010', 'bulk-pat-010', 'AMOX-500', 'amoxicillin', '500 mg', 'oral', 'TDS', 19, 'active', 'demo-prescriber'),
  ('bulk-med-011', 'bulk-pat-011', 'PARA-500', 'paracetamol', '1 g', 'oral', 'QDS', 20, 'active', 'demo-prescriber'),
  ('bulk-med-012', 'bulk-pat-012', 'METRO-400', 'metronidazole', '400 mg', 'oral', 'TDS', 21, 'active', 'demo-prescriber'),
  ('bulk-med-013', 'bulk-pat-013', 'IBU-400', 'ibuprofen', '400 mg', 'oral', 'TDS', 22, 'active', 'demo-prescriber'),
  ('bulk-med-014', 'bulk-pat-014', 'CTX-1G', 'ceftriaxone', '1 g', 'IV', 'OD', 23, 'active', 'demo-prescriber'),
  ('bulk-med-015', 'bulk-pat-015', 'AMOX-500', 'amoxicillin', '500 mg', 'oral', 'TDS', 24, 'active', 'demo-prescriber'),
  ('bulk-med-016', 'bulk-pat-016', 'PARA-500', 'paracetamol', '1 g', 'oral', 'QDS', 25, 'active', 'demo-prescriber'),
  ('bulk-med-017', 'bulk-pat-017', 'METRO-400', 'metronidazole', '400 mg', 'oral', 'TDS', 26, 'active', 'demo-prescriber'),
  ('bulk-med-018', 'bulk-pat-018', 'IBU-400', 'ibuprofen', '400 mg', 'oral', 'TDS', 27, 'active', 'demo-prescriber'),
  ('bulk-med-019', 'bulk-pat-019', 'CTX-1G', 'ceftriaxone', '1 g', 'IV', 'OD', 28, 'active', 'demo-prescriber'),
  ('bulk-med-020', 'bulk-pat-020', 'AMOX-500', 'amoxicillin', '500 mg', 'oral', 'TDS', 29, 'active', 'demo-prescriber');
INSERT OR IGNORE INTO clinical_observation (id, patient_id, kind, value, unit, flag, recorded_by) VALUES
  ('bulk-obs-001', 'bulk-pat-001', 'diastolic', 81, 'mmHg', 'normal', 'demo-nurse'),
  ('bulk-obs-002', 'bulk-pat-002', 'pulse', 74, 'bpm', 'normal', 'demo-nurse'),
  ('bulk-obs-003', 'bulk-pat-003', 'temp', 40, 'C', 'normal', 'demo-nurse'),
  ('bulk-obs-004', 'bulk-pat-004', 'spo2', 102, '%', 'normal', 'demo-nurse'),
  ('bulk-obs-005', 'bulk-pat-005', 'systolic', 120, 'mmHg', 'normal', 'demo-nurse'),
  ('bulk-obs-006', 'bulk-pat-006', 'diastolic', 81, 'mmHg', 'high', 'demo-nurse'),
  ('bulk-obs-007', 'bulk-pat-007', 'pulse', 74, 'bpm', 'normal', 'demo-nurse'),
  ('bulk-obs-008', 'bulk-pat-008', 'temp', 40, 'C', 'normal', 'demo-nurse'),
  ('bulk-obs-009', 'bulk-pat-009', 'spo2', 102, '%', 'normal', 'demo-nurse'),
  ('bulk-obs-010', 'bulk-pat-010', 'systolic', 120, 'mmHg', 'normal', 'demo-nurse'),
  ('bulk-obs-011', 'bulk-pat-011', 'diastolic', 81, 'mmHg', 'normal', 'demo-nurse'),
  ('bulk-obs-012', 'bulk-pat-012', 'pulse', 74, 'bpm', 'high', 'demo-nurse'),
  ('bulk-obs-013', 'bulk-pat-013', 'temp', 40, 'C', 'normal', 'demo-nurse'),
  ('bulk-obs-014', 'bulk-pat-014', 'spo2', 102, '%', 'normal', 'demo-nurse'),
  ('bulk-obs-015', 'bulk-pat-015', 'systolic', 120, 'mmHg', 'normal', 'demo-nurse'),
  ('bulk-obs-016', 'bulk-pat-016', 'diastolic', 81, 'mmHg', 'normal', 'demo-nurse'),
  ('bulk-obs-017', 'bulk-pat-017', 'pulse', 74, 'bpm', 'normal', 'demo-nurse'),
  ('bulk-obs-018', 'bulk-pat-018', 'temp', 40, 'C', 'high', 'demo-nurse'),
  ('bulk-obs-019', 'bulk-pat-019', 'spo2', 102, '%', 'normal', 'demo-nurse'),
  ('bulk-obs-020', 'bulk-pat-020', 'systolic', 120, 'mmHg', 'normal', 'demo-nurse');
INSERT OR IGNORE INTO clinical_allergy (id, patient_id, substance_code, severity) VALUES
  ('bulk-alg-001', 'bulk-pat-001', 'sulfa', 'high'),
  ('bulk-alg-002', 'bulk-pat-002', 'peanut', 'high'),
  ('bulk-alg-003', 'bulk-pat-003', 'latex', 'high'),
  ('bulk-alg-004', 'bulk-pat-004', 'aspirin', 'critical'),
  ('bulk-alg-005', 'bulk-pat-005', 'penicillin', 'high'),
  ('bulk-alg-006', 'bulk-pat-006', 'sulfa', 'high'),
  ('bulk-alg-007', 'bulk-pat-007', 'peanut', 'high'),
  ('bulk-alg-008', 'bulk-pat-008', 'latex', 'critical'),
  ('bulk-alg-009', 'bulk-pat-009', 'aspirin', 'high'),
  ('bulk-alg-010', 'bulk-pat-010', 'penicillin', 'high'),
  ('bulk-alg-011', 'bulk-pat-011', 'sulfa', 'high'),
  ('bulk-alg-012', 'bulk-pat-012', 'peanut', 'critical');